tieu_de,dien_tich,dia_chi,mo_ta,loai_hinh,dien_tich_dat,dien_tich_su_dung,giay_to_phap_ly,so_phong_ngu,so_phong_ve_sinh,tong_so_tang,tinh_trang_noi_that,huong_cua_chinh,dac_diem,chieu_ngang,chieu_dai,bieu_do_gia
NHÀ ĐẸP 3 TẦNG NGAY CHỢ PHAN VĂN TRỊ,46 m²,"Đường Phan Văn Trị, Phường 11, Quận Bình Thạnh, Tp Hồ Chí Minh (Phường Bình Lợi Trung, TP Hồ Chí Minh mới)","NHÀ ĐẸP 3 TẦNG PHAN VĂN TRỊ- NGAY CHỢ CÂY THỊ BÌNH THẠNH
Diện tích đất: 46.6m2. - 4m x 12m
Hướng Đông Bắc.
Kết cấu: 1 trệt + 2 lầu.
Công năng: Phòng khách, bếp, 3 phòng ngủ, 4 toilet.
Nhà full nội thất như hình.
Hẻm 3 gác thông, cách mặt tiền 50m.
Giá bán 6tỷ350triệu TL","Nhà ngõ, hẻm",46 m²,,Đã có sổ,3 phòng,4 phòng,,Nội thất cao cấp,,,,,"[146.49, 132.64, 121.48, 116.48, 128, 165.85, 165.85, 132.58, 138.06, 124.55, 165, 163.94, 157.6]"
🏠 NHÀ LỚN ĐẸP 2 TẦNG - GẦN MẶT TIỀN ĐƯỜNG SỐ 7 - 51M2 - GIÁ 4 TỶ 35,51 m²,"Đường số 7, Phường 1, Quận Gò Vấp, Tp Hồ Chí Minh (Phường Hạnh Thông, TP Hồ Chí Minh mới)","🏠 NHÀ 2 TẦNG - GẦN MẶT TIỀN ĐƯỜNG SỐ 7, P. HẠNH THÔNG, GÒ VẤP - 51M2 - GIÁ 4 TỶ 35 
Mã tin đăng: GVHT22415067
📐 Diện tích: 43m² (3,4 x 14)
• Diện tích sử dụng 51m², kết cấu 1 trệt 1 lầu
• 2 phòng ngủ – 2 WC, không gian gọn gàng, dễ ở
• Trước nhà có sân để xe rộng, sinh hoạt thoải mái 🚲
• Phù hợp ở gia đình nhỏ hoặc đầu tư cho thuê giữ tiền
📍 Vị trí: Gần đường số 7 – Hạnh Thông, khu dân cư ổn định, xung quanh đầy đủ chợ – trường học – tiện ích sinh hoạt, di chuyển thuận tiện các trục chính Gò Vấp.
📄 Pháp lý: Sổ hồng riêng, sẵn sàng giao dịch nhanh 🤝
👨‍💼 Chủ nhà thiện chí – hỗ trợ xem nhà linh hoạt
📞 Liên hệ: Huy – ***
#nhagovap #bandatbandha #batdongsangovap #nhagiare #nhadepongay #nhaganmattien #muabanbds","Nhà ngõ, hẻm",51 m²,,Đã có sổ,2 phòng,2 phòng,2.0,Nội thất cao cấp,,,3.4 m,14 m,"[149.5, 149.5, 125, 116.9, 116.9, 117.27, 137.88, 127.32, 127.32, 150, 150, 150, 150]"
Bán nhà 18 m2,18 m²,"Đường Thanh Đa, Phường 27, Quận Bình Thạnh, Tp Hồ Chí Minh (Phường Bình Quới, TP Hồ Chí Minh mới)","LÊN SÓNG 3 TẦNG -HẺM XE HƠI CÁCH 10M - CHỈ 3,95 TỶ - GẦN CẦU THANH ĐA - 
🏡 Vị trí đắc địa: 28....Đường Thanh Đa. Bình Thạnh - Khu dân trí, hiếm nhà bán.
✅Hẻm trước nhà 2.5m. Cách 1 căn ra đường xe tải tránh nhau. Cách ven sông Thanh Đa 100m. Đi về Bình Thạnh và Quận 1, Phú Nhuận, Sân Bay rất thuận tiện.
✅ Gần 10 trường Đại học lớn. Đh Ngoại Thường. Đh Giao thông. Đh Hutech. Đh Quốc tế Hồng Bàng. Đh Văn Lang ... 
✅Xung quanh đầy đủ tiện ích: chợ, siêu thị Bách Hoá Xanh... trường học cấp 1.2.3 Đại Học, Ngân hàng…full tiện ích.
-----------,🏆----------
🇻🇳Thông tin căn nhà:

✅Diện tích sử dụng 3 tầng : hơn 51 m²
✅Xây dựng 3 tầng lầu, hoàn công đầy đủ: Đầy đủ công năng gồm: phòng khách,phòng bếp,2 phòng ngủ. 2 nhà vệ sinh. Ban công 
✅Sổ hổng công chứng ngay trong ngày. Chỉ cần xách vali vào ở","Nhà ngõ, hẻm",18 m²,18 m²,,2 phòng,2 phòng,,,,,3 m,6 m,"[105.88, 108.33, 120, 122.93, 127.27, 127.27, 136.36, 126.71, 126.71, 126.71, 126.71, 126.71, 126.71]"
"Siêu phẩm nhà đẹp, Nguyễn Cửu Vân, 34m2, 2 tầng, khu hiếm nhà bán",34 m²,"Đường Nguyễn Cửu Vân, Phường 17, Quận Bình Thạnh, Tp Hồ Chí Minh (Phường Gia Định, TP Hồ Chí Minh mới)","🔥 SIÊU PHẨM NHÀ MỚI ĐẸP, SÁT HẺM XE TẢI, NGUYỄN CỬU VÂN, KHU HIẾM NHÀ BÁN, DỌN VÀO Ở NGAY
🌺 Dt: 3,6 x 9,4 
🌺 Kết cấu: 1 trệt, 1 lầu, 2PN, 2WC.
🌺 Công năng: Mua ở hoặc kinh doanh cho thuê.
🌺 Pháp lý: Sổ hồng riêng","Nhà ngõ, hẻm",34 m²,,Đã có sổ,2 phòng,2 phòng,2.0,Nội thất cao cấp,,,3.6 m,9.4 m,"[136.21, 136.21, 163.27, 163.27, 132.5, 135.42]"
HƠN 5TỶ NHÀ ĐẸP 3 TẦNG – FULL NỘI THẤT – HXH – GIÁ TỐT,40 m²,"Đường Nguyễn Kiệm, Phường 3, Quận Gò Vấp, Tp Hồ Chí Minh (Phường Hạnh Thông, TP Hồ Chí Minh mới)","NHÀ ĐẸP 3 TẦNG – FULL NỘI THẤT – HXH CẠNH NHÀ – GIÁ TỐT KHU TRUNG TÂM

💎 Diện tích: Gần 40m2 ngang 4m , vuông vức.
🏠 Kết cấu: 3 tầng, bếp + 4PN – 3WC.
✨ Nhà mới, full nội thất, có sân thượng và ban công mỗi tầng, cực thoáng.
🚗 Hẻm 3m, cách HXH chỉ hơn 10m.
📍 Vị trí đẹp: Gần sân bay TSN, chợ Tân Sơn Nhì, đường Nguyễn Văn Công; giáp Phú Nhuận – Bình Thạnh, di chuyển thuận tiện.","Nhà ngõ, hẻm",40 m²,,Đã có sổ,4 phòng,3 phòng,,,,Hẻm xe hơi,4 m,10 m,"[124.64, 124.64, 101.85, 101.85, 104.92, 107.66, 110.57, 126.5, 111.34, 132.92, 123.41, 115.38, 115.38]"
"Bán nhà hẻm xe hơi Dương Quảng Hàm, Gò Vấp, 56M2, 4 tầng,4PN, sổ vuông",56 m²,"Đường Dương Quảng Hàm, Phường 6, Quận Gò Vấp, Tp Hồ Chí Minh (Phường An Nhơn, TP Hồ Chí Minh mới)","Bán nhà hẻm xe hơi Dương Quảng Hàm, Gò Vấp, 56M2, 4 tầng,4PN,khu phân lô, sổ vuông, 8.x tỷ TL
•Vị trí: Hẻm xe hơi thông Dương Quảng Hàm, kết nối đường Nguyễn Thái Sơn, Phan Văn Trị, Phạm Văn Đồng, gần công viên Gò Vấp
Trung tâm Gò Vấp, Giáp quận Bình Thạnh, Phú Nhuận
•Kết cấu: Trệt 2 lầu sân thượng, 4 phòng ngủ rộng
•Nhà BTCT chắc chắn, ở ngay
•Gần công viên, chợ, trường học, tiện ích đầy đủ
Sổ hồng riêng, hoàn công đủ
Mua bán nhà đất quận Gò Vấp giá rẻ
nhà hẻm xe hơi","Nhà ngõ, hẻm",56 m²,,Đã có sổ,4 phòng,,,,,Hẻm xe hơi,,,"[115.64, 115.64, 115.64, 115.64, 115.64, 115.64, 95.76, 116.07, 116.07, 144.68]"
"Gấp!Bán nhà Nơ Trang Long,Bình Thạnh 50,4m2.Gần Học Viện Cán Bộ.Hẻm 4m",50.4 m²,"Đường Nơ Trang Long, Phường 12, Quận Bình Thạnh, Tp Hồ Chí Minh (Phường Bình Thạnh, TP Hồ Chí Minh mới)","Vị trí: Nhà hẻm 1/ đường Nơ Trang Long, Phường 12, Bình Thạnh.
Hẻm 4m oto, ba gác ra vào thoải mái.
Cách 200m tới Học Viện Cán Bộ, chỉ 3 phút tới sân vận động và 5 phút tới trục đường Phạm Văn Đồng.
Khu vực an ninh yên tĩnh, buôn bán hay cho thuê cực kỳ tốt.

Diện tích: 50,4m².
Kết cấu xây dựng: 1 trệt + lửng + 2 lầu có ban công thoáng mát. Bao gồm: 3PN, 3WC.
Giá: 4 tỷ789.
Sổ hồng riêng, chính chủ sang tên được ngay.
Có sẵn hợp đồng cho thuê 10tr/tháng.
Xem Nhà Gọi Trà My.","Nhà ngõ, hẻm",50.4 m²,,Đã có sổ,4 phòng,3 phòng,4.0,Nội thất cao cấp,,Hẻm xe hơi,,,"[178.22, 178.22, 166.76, 173.08, 173.37, 173.37, 134.69, 128.95, 123.08, 174.33, 141.15, 155.56, 155.56]"
"Siêu phẩm 45 bùi quang là 4,75m x 12m x 3 lầu",53 m²,"Hẻm 49/24 Bùi Quang Là, Phường 12, Quận Gò Vấp, Tp Hồ Chí Minh (Phường An Hội Tây, TP Hồ Chí Minh mới)","💎 8 tỷ 900 TL
_ siêu phẩm bùi quang là, phường 12 gò vấp:
💎DT: 4.75m x 12m : 1 trệt , 2 tầng lầu , sân thượng
💎 công năng gồm 4pn, pk, pb, gara , PT, sân phơi, hoặc để xe hơi trước nhà củng được
💪đường 7m, 1/ trục ngắn cách Mt 50m .
💥💥💥Xe hơi ngủ trong nhà thoải mái ,gần mọi tiện ích xung quanh. emart, chợ phạm văn bạch, trường cấp 123, cổng T3 tân sơn nhất, sân golf, và thuận tiện duy chuyển về các quận huyện
_ Tặng tất tay hết nội thất cao cấp cho quý anh chị
💲Giá 8.9ty TL","Nhà ngõ, hẻm",53 m²,,Đã có sổ,4 phòng,,,,Tây Nam,,,,"[116.48, 116.16, 116.16, 105.1, 111.99, 95.45, 95.45, 102.3, 102.3, 105.8, 105.8, 139.84, 128.33]"
"Hơn 6 tỷ- Nhà Gò Vấp - Hẻm 6m , oto đỗ , 1 trục ,nội thất nhập ,4 tầng",55 m²,"Đường Lê Đức Thọ, Phường 17, Quận Gò Vấp, Tp Hồ Chí Minh (Phường Gò Vấp, TP Hồ Chí Minh mới)","Nhà riêng , chính chủ tự xây vài năm , còn mới nguyên , nay định cư Mỹ cần bán Gấp 
+ DT gần 55m2 , nhà 1 trệt 2 lầu + ST , thoáng 2 mặt , chủ tặng Tivi , tủ lạnh 600l , điều hòa làm quà Tân Gia 
+ Hẻm lớn 1 trục thẳng , vài bước ra Lê Đức Thọ , trước nhà 2 oto đỗ , tiện qua Phan Văn Trị .
+ Khu dân trí , hàng xơm cán bộ , chủ doanh nghiệp , yên tĩnh , thoáng đãng , mua ở hay cho thuê chờ tăng giá đều hợp lý 
Lh : em Hải sẵn 100 căn nhà đẹp cho khách lựa","Nhà ngõ, hẻm",55 m²,,Đã có sổ,5 phòng,,,,,Hẻm xe hơi,,,"[112.5, 108.89, 108.89, 100.55, 123.59, 115.1, 115.1, 126.64, 102.22, 111.3, 111.3, 121.76, 121.76]"
Nhà Mới Đón Tết 2026- HXH-5 Tầng-4PN,50 m²,"Đường Cầm Bá Thước, Phường 7, Quận Phú Nhuận, Tp Hồ Chí Minh (Phường Cầu Kiệu, TP Hồ Chí Minh mới)","🏡Nhà Xịn Đón Tết 2026

✅Anh chị đang tìm nhà Phan Xích Long – Phú Nhuận,
vừa ở vừa kinh doanh, xe hơi đỗ cửa?
👉 Diện tích 50m², ngang 5m, nhà 3 mặt tiền hiếm, xây mới 100%, tặng full nội thất cao cấp.
👉 Kết cấu 5 tầng:
Trệt làm văn phòng, kinh doanh, để xe hơi.
Lửng bếp sang trọng.
Hai lầu có 4 phòng ngủ khép kín.
Tầng trên cùng là sân thượng rộng, view nhìn TP thoáng.
📍 Vị trí ngay phố ẩm thực Phan Xích Long, hẻm xe hơi thông Cầm Bá Thước – Phùng Văn Cung, kinh doanh cực tốt.
❤️13.75 đồng cho một siêu phẩm 3 mặt tiền.
Gọi Tú Quỳnh để xem nhà luôn ạ.","Nhà ngõ, hẻm",50 m²,,Đã có sổ,4 phòng,4 phòng,5.0,,,Hẻm xe hơi,5 m,10 m,"[148.75, 148.75, 148.75, 148.75, 148.75, 148.75, 148.75, 148.75, 148.75, 148.75]"
NHÀ HXH 4 TẦNG- SÁT MẶT TIỀN NƠ TRANG LONG- FULL NỘI THẤT MỚI 100%,25 m²,"Đường Nơ Trang Long, Phường 13, Quận Bình Thạnh, Tp Hồ Chí Minh (Phường Bình Lợi Trung, TP Hồ Chí Minh mới)","NHÀ HXH 4 TẦNG – SÁT MẶT TIỀN NƠ TRANG LONG 
Hẻm xe hơi đậu cửa – cách mặt tiền chỉ 30m
📍 Nơ Trang Long- ngay ngã tư Nguyễn Xí- Khu vincom, siêu thị, BV, chợ dân sinh... đầy đủ các tiện ích cách nhà vài bước chân.
Diện tích: 5.4m x 5m - CN: 25m²
Kết cấu: 1 trệt + 2 lầu + sân thượng
Công năng: sân để xe, 2 PN master full sàn, 3WC, sân thượng có khu phơi giặt riêng. 
Full nội thất cao cấp
Giá bán : 5.650 TỶ
Liên hệ xem nhà 24/7","Nhà ngõ, hẻm",25 m²,,Đã có sổ,2 phòng,3 phòng,,Nội thất cao cấp,,,,,"[168.37, 168.37, 120.71, 120.71, 124.24, 124.53, 117.12, 117.12, 143.52, 123.86, 143.64, 151.05, 151.05]"
🧧 NHÀ MẶT TIỀN ĐÓN TẾT PHÚ NHUẬN | 37m² – 4 TẦNG – HẺM Ô TÔ 🧧,37 m²,"Đường Bùi Văn Thêm, Phường 9, Quận Phú Nhuận, Tp Hồ Chí Minh (Phường Đức Nhuận, TP Hồ Chí Minh mới)","🌸 Nhà mới đẹp – vào ở ngay trước Tết
- Vị trí Bùi Văn Thêm, Phường 9 – Phú Nhuận, trung tâm, sát sân bay, gần công viên.
- Hẻm ô tô 4 chỗ đỗ cửa, chỉ 1 căn ra mặt tiền – vị trí cực hiếm.

🏠 Thông tin nhà:
- Diện tích: 37m²
- Kết cấu: 1 trệt + 3 lầu + sân thượng
- Công năng: 3PN khép kín – 4 WC

📜 Pháp lý:
- Sổ hồng riêng, hoàn công đầy đủ.","Nhà ngõ, hẻm",37 m²,,Đã có sổ,3 phòng,4 phòng,,Nội thất đầy đủ,,Hẻm xe hơi,,,"[151.28, 160.14, 160.14, 174.11, 174.11, 120.31, 180.69, 180.69, 165.12, 211.88, 211.88, 211.88, 211.88]"
Nhà nhỏ sổ riêng Phan Huy Ích dt 3x6m 1 lầu,10 m²,"Đường Phan Huy Ích, Phường 12, Quận Gò Vấp, Tp Hồ Chí Minh (Phường An Hội Tây, TP Hồ Chí Minh mới)","Nhà nhỏ sổ riêng Phan Huy Ích gò vấp kế bên emart
Dt 3x6m 1 lầu
Sổ riêng bao công chứng
Giá 1.1 tỷ","Nhà ngõ, hẻm",10 m²,,Đã có sổ,1 phòng,,,,,,,,"[101.42, 101.42, 105.04, 102.5, 114.29, 111.45, 103.65, 116.62, 124.7, 106.58, 114.29]"
Căn nhà trục xe hơi đậu cửa nhà đẹp đầy đủ nội thất,50 m²,"488/25, Đường Phạm Văn Chiêu, Phường 16, Quận Gò Vấp, Tp Hồ Chí Minh (Phường An Hội Đông, TP Hồ Chí Minh mới)","🌹🌹🌹:100 cu⚪️tặng 1 ip 17 cam nhận đủ
▪️ Giá : 9.6Tỉ TL 
▪️ Vị Trí : 488/25 Phạm văn Chiêu - P.16 - Gò Vấp - HCM▪️ Hướng : Tây Bắc 
▪️ Kết cấu : 1 trệt 1 lửng 3 lầu gồm gara xe hơi phòng khách bếp 4 pn 6 tolet 1 phòng spa xông hơi phòng thờ phòng giặt sân thượng 
▪️ Đường : 7m cách mặt tiền 50m 
▪️ Diện tích : Ngang 4m dài 12.53m
▪️ Pháp lý : Sổ hồng riêng
▪️ Nội thất bàn giao : Full option 
Cam kết : Thông tin chính xác khách quan - Trung thực - Phục vụ tận tâm . Hỗ trợ tư vấn pháp lý vay vốn ngân hàng .
Lh: 🥰🥰🥰","Nhà ngõ, hẻm",50 m²,235 m²,Đã có sổ,4 phòng,6 phòng,4.0,Nội thất cao cấp,Tây Bắc,Hẻm xe hơi,4 m,13 m,"[117.78, 102.05, 107.76, 107.76, 102.38, 102.68, 123.86, 123.86, 125, 122.73]"
"NHÀ ĐẸP 5x11M, 3 TẦNG BTCT, SÁT MẶT TIỀN PHAN ĐĂNG LƯU, NỞ HẬU",55 m²,"Đường Hoàng Hoa Thám, Phường 6, Quận Bình Thạnh, Tp Hồ Chí Minh (Phường Bình Lợi Trung, TP Hồ Chí Minh mới)","💥 NHÀ ĐẸP 53M2 CN ĐỦ, 3 TẦNG BTCT, GIÁP PHAN ĐĂNG LƯU, NỞ HẬU, KHU DÂN TRÍ CAO
+ DT: 5x11m (nở hậu)
+ Vị trí: Ngay Trung Tâm Quận Bình Thạnh - Phú Nhuận. Hẻm Vip 42 Hoàng Hoa Thám. Khu An Ninh - Dân Trí Cao, tiện Ích Đầy Đủ, sát mặt tiền đường lớn..
+ Kết Cấu: Trệt, 2 Lầu, có sân thượng, đầy đủ công năng gồm 3 Phòng ngủ, 3 WC, Sân thượng, Phòng khách, Bếp...
+ Sổ Vuông Vức Nở Hậu Đều Đẹp, pháp lý chuẩn
🔑 Giá: 6,4 Tỷ (thương lượng)","Nhà ngõ, hẻm",55 m²,,,3 phòng,3 phòng,,,,,5 m,11 m,"[153.95, 163.46, 136.96, 157.14, 157.14, 147.59, 134.85, 134.85, 151.67, 151.67, 162.16, 162.16, 135.15]"
CHỈ 1.75 TỶ-NHÀ ĐÃ CÓ SHR-LÊ QUÝ ĐÔN-PHÚ NHUẬN- 7M2-3T BTCT,10 m²,"Đường Lê Quý Ðôn, Phường 11, Quận Phú Nhuận, Tp Hồ Chí Minh (Phường Phú Nhuận, TP Hồ Chí Minh mới)","🔶️🔥B.Án NH.À MINI XINH LÊ QUÝ ĐÔN PHÚ NHUẬN - 3T BTCT- 7M2 - 🍍CHỈ 1.75 TỎI
🔥DT: 7m2 - 1 trệt - 2 lầu BTCT - 2PN - 1WC - nhà ở ngay, công năng đầy đủ
🔥Vị trí: hẻm 3m thông thoáng ra Huỳnh Văn Bánh, cách mặt tiền 2 căn nhà. Nằm gần trường học các cấp, BV An Sinh..
🔥Khu vực an ninh, dân trí cao, yên tĩnh
📕Pháp lý chuẩn, SHR, công chứng ngay T99BT
📞*** Em Thủy","Nhà ngõ, hẻm",10 m²,,Đã có sổ,2 phòng,2 phòng,3.0,,,,3 m,3 m,"[153.22, 153.22, 151.74, 157.62, 157.62, 168.18, 146.15, 215, 153.73, 153.73, 153.73, 153.73, 153.73]"
HÀNG HIẾM NHÀ NGUYỄN VĂN LƯỢNG 52M HẺM XE HƠI HÀNG XÓM CITILAND SHR,52 m²,"Đường Nguyễn Văn Lượng, Phường 16, Quận Gò Vấp, Tp Hồ Chí Minh (Phường An Hội Đông, TP Hồ Chí Minh mới)","Nhà 1 trệt 1 lầu 3 PN, toilet riêng, phòng khách , bếp , Sân để xe rộng rãi

Diện tích: 4❌13

🚘 hẻm xe hơi 4m xe hơi đỗ cửa , hẻm thông tứ tung một trục ra mặt tiền Nguyễn Văn Lượng , xung quanh toàn nhà cao tầng , hàng xóm văn minh dân trí

Vị trí trung tâm Gò Vấp , vài bước chân Lotte , hàng xóm Citiland , cung đường sầm uất , phát triển mạnh, tiện ích bạt ngàn..

Sổ riêng, hoàn công, mua bán nhanh

💸 Gía chỉ nhỉnh 5 đồng bớt lộc...thương lượng chính chủ

☎️ Lh em Hiền xem nhà...cảm ơn 

Hổ trợ Vay Ngân hàng","Nhà ngõ, hẻm",52 m²,,Đã có sổ,3 phòng,,,Nội thất đầy đủ,,Hẻm xe hơi,,,"[107.14, 107.86, 107.86, 110.94, 110.94, 107.14, 109.09, 109.09, 109.09, 110.61, 110.61, 110.61, 110.61]"
Bán nhà Vạn Kiếp Bình Thạnh 35m2 – 4 Tầng,35 m²,"Đường Vạn Kiếp, Phường 3, Quận Bình Thạnh, Tp Hồ Chí Minh (Phường Gia Định, TP Hồ Chí Minh mới)","Bán nhà đẹp đường Vạn Kiếp, P.3 Bình Thạnh, khu phố ẩm thực sầm uất, dân trí cao.
 • Diện tích: 35m² (4.1 x 8, nở hậu 4.75m)
 • Kết cấu: Trệt lửng + 2 lầu
 • Công năng: 3 phòng ngủ, 4 WC
 • Nhà KTS thiết kế, full nội thất cao cấp, chỉ xách vali vào ở

Hẻm 3m thông, sát mặt tiền Vạn Kiếp, vài bước ra khu VIP Phan Xích Long.
Di chuyển Quận 1 – Quận 3 chỉ 5–10 phút.
 • Pháp lý: Sổ hồng riêng, công chứng nhanh
 • Giá: 7.xx tỷ – thương lượng

📞 Liên hệ để xem nhà trực tiếp – làm việc chính chủ.",Nhà phố liền kề,35 m²,,,3 phòng,,,,,,4.1 m,8 m,[]
"Bán nhà 135,5m2 đường nguyễn thái sơn p4 ,gò vấp ,tp.HCM, gía 14,5 tỷ",135.5 m²,"Đường Nguyễn Thái Sơn, Phường 4, Quận Gò Vấp, Tp Hồ Chí Minh (Phường Hạnh Thông, TP Hồ Chí Minh mới)","nhà nằm ở vị trí trung tâm quận gò vấp cực kỳ tiện lợi , khu vực xung quanh đầy đủ mọi tiện ích, cách mặt tiền đường nguyễn thái sơn khoảng 50m, cách chợ gò vấp tầm 200m, khu vực xung quanh là ngân hàng, trường học , bệnh viện quân y 175, hàng xóm thân thiện , dễ mến, khu vực xây đựng được cao tầng.","Nhà ngõ, hẻm",135.5 m²,135.5 m²,Đã có sổ,2 phòng,2 phòng,,Hoàn thiện cơ bản,,Hẻm xe hơi,4.5 m,30 m,"[107.04, 97.74, 115.63, 105.69, 105.69, 124.33, 124.33, 124.33]"
"Toà nhà CHDV 13P góc 2 mặt HXT 68m2 đúc 5 tầng Phạm Văn Chiêu,Q.Gò Vấp",68 m²,"Đường Phạm Văn Chiêu, Phường 14, Quận Gò Vấp, Tp Hồ Chí Minh (Phường An Hội Tây, TP Hồ Chí Minh mới)","🌾 Tòa nhà căn góc 2 mặt hẻm xe tải 13 phòng căn hộ studio full nội thất đường Phạm Văn Chiêu, P14, GV - Ngay chợ, Emart Gò Vấp, công viên Làng Hoa - Căn góc với công viên phía sau thành ra 3 mặt hẻm thông thoáng: 
💧Diện tích : 4,2 x 16m, công nhận 67,4m2 ( Xây dựng 4.55m x 16m - đã đổ ban công, hành lang phần góc)

💧Kết cấu : đúc 5 tầng, tổng diện tích sàn 268m2. Tổng có 13 phòng CHDV full nội thất.

🌵 Nhà căn góc 2 mặt hẻm xe tải 9m và 6m thông thoáng, liền kề công viên siêu đẹp, nhà full nội thất vào khai thác liền.

🌈 Dòng tiền cho thuê lên tới 65 Triệu /tháng ~ 720 triệu / năm. Cho thuê khoán 50-55 triệu/ tháng.
💥 Hướng Đông Nam
👉 Nhà hoàn công đầy đủ

🚀 Giá bán: 12,8 tỷ ( thương lượng nhẹ )
( Ngân hàng hỗ trợ - số tiền cho thuê dư để trả lãi )

Liên hệ Quý để có thêm thông tin về căn nhà và gặp chủ nhà đàm phán giá.
 Cám ơn đã xem tin
 ( Vui lòng không quảng cáo )","Nhà ngõ, hẻm",68 m²,268 m²,Đã có sổ,nhiều hơn 10 phòng,Nhiều hơn 6 phòng,5.0,Nội thất đầy đủ,Đông Nam,Hẻm xe hơi,4.2 m,16 m,"[105.71, 108.33, 105.8, 104, 104, 107.82, 114.29, 114.29, 120.59, 122.49, 122.49, 122.49, 122.49]"
"BÁN GẤP MẶT TIỀN NGUYỄN ĐÌNH CHÍNH PHÚ NHUẬN 3 TẦNG, 32M2, 8.6 TỶ",32 m²,"Đường Nguyễn Đình Chính, Phường 8, Quận Phú Nhuận, Tp Hồ Chí Minh (Phường Phú Nhuận, TP Hồ Chí Minh mới)","Cần bán gấp mặt tiền đường Nguyễn Đình Chính. P.8 Q.Phú Nhuận
- Diện tích: 3,2x10m CN: 31,2m2, vị trí gần Nguyễn Văn Trỗi, Nguyễn Thị Huỳnh....
- Kết cấu: trệt, 3 lầu 
- Giá bán: 8,6 tỷ thương lượng khách thiện chí
Cần bán gấp khách thiện chí cầm tền mặt thượng lượng giá tốt ạ.
LH: *** Trân Nguyễn nhà phố","Nhà mặt phố, mặt tiền",32 m²,73 m²,Đã có sổ,4 phòng,3 phòng,4.0,,,,3.2 m,10 m,"[259.26, 290, 250, 270, 270, 251.67, 250]"
"Nhà 45m2, hẻm nội bộ xe hơi, 5 tầng, 9 phòng cho thuê, 10.5 tỷ.",45 m²,"Đường Đặng Văn Ngữ, Phường 10, Quận Phú Nhuận, Tp Hồ Chí Minh (Phường Phú Nhuận, TP Hồ Chí Minh mới)","- BÁN NHÀ P.10, Q.PHÚ NHUẬN, (P. PHÚ NHUẬN) - ĐANG KINH DOANH CĂN HỘ DỊCH VỤ THU NHẬP ỔN ĐỊNH. 
- Nhà mới đẹp đang kinh doanh full phòng, cách mặt tiền đường chỉ 10m, xe hơi ra vào thoải mái. 
- DT: 3.4x 13. Công nhận 44,8 m2.
- Trệt, lửng, 2 lầu, sân thượng.
 - Gồm: 9 phòng căn hộ dịch vụ đang cho thuê, mang lại nguồn thu nhập ổn định 31 triệu đồng/th. Đây là dòng tiền chắc chắn, lâu dài.
- Tiện ích xung quanh:
 - Gần nhà thờ Ba Chuông, thuận tiện cho các hoạt động sinh hoạt cộng đồng. 
 - Gần các trường học như: Ngô Tất Tố, Đặng Văn Ngữ, Hàn Thuyên, phù hợp cho gia đình có con nhỏ đang đi học.","Nhà ngõ, hẻm",45 m²,,Đã có sổ,9 phòng,,,,,Hẻm xe hơi,,,"[172.28, 172.28, 172.28, 172.28, 172.28, 172.28, 172.28, 172.28, 172.28, 172.28, 214.41, 214.41, 214.41]"
BÁN NHÀ 3 MẶT TIỀN,67.1 m²,"Thích Quảng Đức, Phường 3, Quận Phú Nhuận, Tp Hồ Chí Minh (Phường Đức Nhuận, TP Hồ Chí Minh mới)","NHÀ 3 MẶT TIỀN – DÒNG TIỀN THẬT 60TR/THÁNG – THÍCH QUẢNG ĐỨC, PHÚ NHUẬN

📍 Vị trí lõi Phú Nhuận – Thích Quảng Đức, P.3
Trục đường kinh doanh mạnh, tập trung chuỗi thương hiệu, nhà thuốc, ngân hàng, phòng khám.
Tài sản dạng này rất hiếm – thanh khoản cao – luôn có khách thuê.

🏢 Thông tin tài sản:

Nhà 3 mặt tiền

Kết cấu: 1 trệt – 3 lầu - sân thượng

5 phòng ngủ – 4 WC

Thiết kế chuẩn chia mặt tiền – chia tầng để khai thác

💸 DÒNG TIỀN HIỆN HỮU:

Đang cho thuê 2 mặt tiền: ~ 60 triệu/tháng

Phần còn lại có thể ở, làm văn phòng hoặc cho thuê tiếp

Dòng tiền vào ngay sau công chứng, không phải chờ khai thác

📊 GÓC NHÌN NHÀ ĐẦU TƯ:

Tài sản trung tâm → giữ tiền an toàn

3 mặt tiền → khả năng tăng giá & tăng giá thuê rất tốt

Phù hợp chiến lược:
✔ Giữ tài sản lõi
✔ Cho thuê lâu dài
✔ Hoặc tối ưu lại để tăng dòng tiền

💰 Giá bán: 20 tỷ 999 triệu - thương lượng.
📄 Pháp lý rõ ràng – sổ hồng riêng

📞 Liên hệ: [***]
👉 Nhà thật – dòng tiền thật – sản phẩm không có căn thứ 2 để so sánh","Nhà mặt phố, mặt tiền",67.1 m²,,Đã có sổ,5 phòng,,,Nội thất đầy đủ,,,,,[]
"Nhà Huỳnh Văn Bánh, Phú Nhuận, 4x13,5m giá 7,5 tỷ",56 m²,"Đường Huỳnh Văn Bánh, Phường 17, Quận Phú Nhuận, Tp Hồ Chí Minh (Phường Cầu Kiệu, TP Hồ Chí Minh mới)","🏡 BÁN NHÀ HUỲNH VĂN BÁNH – PHƯỜNG 17, PHÚ NHUẬN

📌 Thông tin chi tiết:
Kết cấu 1 trệt 2 lầu (3 tầng) chắc chắn.
Gồm 3 phòng ngủ lớn + 1 phòng ngủ nhỏ, phù hợp gia đình đông người.
2 toilet tiện dụng, bố trí hợp lý.
Nhà còn rất mới, chỉ cần xách vali vào ở.
📍 Vị trí:
Hẻm 3 gác thông, di chuyển dễ dàng.
Gần chợ – trường học – tiện ích xung quanh, thuận tiện đi lại các Quận trung tâm.","Nhà ngõ, hẻm",56 m²,,Đã có sổ,4 phòng,2 phòng,,,,,4 m,13.5 m,"[130.06, 130.06, 130.06, 161.8, 161.8, 161.8, 150, 166.67, 133.93, 187.09, 159.46, 173.79, 172.84]"
"Bán gấp nhà hẻm xe hơi, 5PN, gần ĐH Ngoại Thương, Phường 25,Bình Thạnh",64 m²,"Nguyễn Xí, Phường 25, Quận Bình Thạnh, Tp Hồ Chí Minh (Phường Thạnh Mỹ Tây, TP Hồ Chí Minh mới)","- Nhà DT 64m, 4 tầng BTCT, hẻm xe hơi thông, khu dân trí, hàng xóm đồng bộ nhà cao tầng
- Gần Vincom Nguyễn Xí, Phường 25, Bình Thạnh tiện di chuyển Đinh Bộ Linh, Xô Viết Nghệ Tĩnh đi Thủ Đức, ngã tư Hàng Xanh, ngay bến xe Miền Đông
- Trung tâm các trường Đại Học Văn Lang, Ngoại Thương, Hutech... gần học viện Cán Bộ, bệnh viện Gia Định, tiện ích xung quanh đầy đủ
- Chủ xây kiên cố, sổ vuông mua về ở ngay, đầu tư CHDV giữ dòng tiền, cho thuê Công ty, văn phòng đều được
- Chủ gấp bán chỉ nhỉnh 11t, TL

Liên hệ em Thu xem nhà, thương lượng trao đổi trực tiếp chủ nhà","Nhà ngõ, hẻm",64 m²,,Đã có sổ,5 phòng,,,,,Hẻm xe hơi,,,"[147.94, 147.94, 147.69, 144.11, 144.11, 149.26, 165, 130.26, 130.26, 146.5, 146.5, 146.5, 146.5]"
MUA ĐẤT ĐƯỢC NHÀ.4X18.NGUYỄN DUY CUNG. 5T . CTL.,72 m²,"Đường Nguyễn Duy Cung, Phường 12, Quận Gò Vấp, Tp Hồ Chí Minh (Phường An Hội Tây, TP Hồ Chí Minh mới)","🔴NHÀ SIÊU RỘNG 4X18. NỞ HẬU.HẺM 3M.NGUYỄN DUY CUNG.P12.GO VẤP. 
GIÁ 5 ty 
👉MUA ĐẤT TẶNG NHÀ 🔴
 👉1 trệt lầu. 3pn. 2wc. Có phong ngủ trệt. 
Pk rộng như sân bay
👉PHÙ HỢP XÂY CHDV.SÁT BÊN ĐANG XÂY 6 TẦNG. KHU DÂN CƯ YÊN TĨNH.NGAY TRƯỜNG HỌC,THÔNG RA PHAN HUY ICH.PHẠM VĂN BẠCH ,QUANG TRUNG. 
☎️sổ nét công nhận đủ. Công chứng ngay. 
NHANH CÒN CHẬM LÀ HẾT 
LH.em Hải xem nhà miễn phí.","Nhà ngõ, hẻm",72 m²,72 m²,Đã có sổ,3 phòng,2 phòng,2.0,Hoàn thiện cơ bản,,,4 m,18 m,"[111.46, 118.21, 109.14, 109.08, 97.14, 97.14, 94.85, 94.85, 116.28, 116.91, 115.64, 128.99, 128.99]"
"BÁN NHÀ GÒ VẤP ,giá 11.8 tỷ,đường số 8 ,phường 11 .",99 m²,"Đường số 8, Phường 11, Quận Gò Vấp, Tp Hồ Chí Minh (Phường Thông Tây Hội, TP Hồ Chí Minh mới)","🔥 SIÊU PHẨM NHÀ MẶT TIỀN – DIỆN TÍCH HIẾM – ĐANG KHAI THÁC DÒNG TIỀN 🔥

🍀 Diện tích: 6 x 16.5m
👉 Tặng thêm 1 x 4m phía sau (chưa lên thổ cư) – cực kỳ giá trị

🍀 Kết cấu: 1 trệt – 2 lầu
 • Trệt: mặt bằng đang cho thuê
 • Lầu: 6 phòng đang khai thác CHDV ổn định

🍀 Vị trí:
 • Mặt tiền đường số 7 (địa chỉ /đường số 8)
 • Khu vực kinh doanh sầm uất, dân cư đông
 • Gần chợ – trường học – tiện ích đầy đủ

🍀 Phù hợp:
✔️ Đầu tư giữ tiền – dòng tiền sẵn
✔️ Làm văn phòng công ty
✔️ Căn hộ dịch vụ, spa, phòng khám
✔️ Trường mầm non – trung tâm đào tạo

💰 Giá bán: 11.8 tỷ
📌 Gặp Vi thương lượng trực tiếp – thiện chí là có giá tốt ☺️

📞 Liên hệ ngay để xem nhà & khai thác dòng tiền:
👉 Anh Hùng – Nhà đất Tri Kỷ.",Nhà phố liền kề,99 m²,297 m²,Đã có sổ,6 phòng,Nhiều hơn 6 phòng,3.0,Hoàn thiện cơ bản,Tây Bắc,Hẻm xe hơi,6 m,16.5 m,[]
"BÁN NHÀ PHAN HUY ÍCH, Gò Vấp, 4 x 10m 2 TẦNG, 4 Tỷ x",40 m²,"Đường Quang Trung, Phường 12, Quận Gò Vấp, Tp Hồ Chí Minh (Phường An Hội Tây, TP Hồ Chí Minh mới)","CHÍNH CHỦ XÂY GÒ VẤP- 2 TẦNG - NHÀ ĐẸP - HẺM AN NINH SẠCH SẼ - NHỈNH 4 TỶ x

- Kết cấu 1 trệt 1 lầu, đúc chắc chắn,nhà chủ ở nên còn mới tinh,tổng 2pn,2wc. 

- Nhà mới đẹp chủ xây để ở nhưng có việc nên cần bán để thu hồi vốn. Rất gần mặt tiền,ra Quang Trung tầm 150m.

- Nhà hẻm 4m sạch sẽ an ninh,khu dân trí cao,khách thích là vào 
việc ngay.

- Tiện ích xung quanh không thiếu thứ gì, chợ siêu thị,trường học...

- Sổ hồng chính chủ mua bán trong ngày. 
_____
Thương lượng chính chủ","Nhà ngõ, hẻm",40 m²,82 m²,Đã có sổ,2 phòng,2 phòng,2.0,Nội thất cao cấp,,,4 m,10 m,"[110.94, 104.77, 104.08, 113.33, 113.33, 111.45, 106.04, 113.8, 120.39, 112.38, 112.38, 112.38, 112.38]"
"Nhà 3 Tầng _ Sát Quận 1 , Điện Biên Phủ_ Bình Thạnh, Nhỉnh 5tỷ ⭐️⭐️",25 m²,"Đường Điện Biên Phủ, Phường 17, Quận Bình Thạnh, Tp Hồ Chí Minh (Phường Gia Định, TP Hồ Chí Minh mới)","✨ 🌟 BÁN NHÀ ĐẸP – BÌNH THẠNH 🌟

📍 ĐIỆN BIÊN PHỦ – XVNT, P. GIA ĐỊNH, Q. BÌNH THẠNH

🏠 3 TẦNG LẦU – 3PN 🛏️ | 3WC 🚿 | FULL NỘI THẤT SANG XỊN

Sổ A4 chính chủ

💰 Giá chỉ 5.x TỶ 💸 – xem nhà dễ dàng!

👉 Liên hệ : *** (Call / Zalo)","Nhà ngõ, hẻm",25 m²,75 m²,Đã có sổ,3 phòng,3 phòng,3.0,,,,4.5 m,6 m,"[157.97, 157.97, 157.97, 136.43, 136.43, 155.64, 155.64, 139.44, 139.44, 128.1, 128.1, 203.39, 119.52]"
LÊ Đức Thọ GV 88m2 - Hẻm 10m,88 m²,"Đường Lê Đức Thọ, Phường 13, Quận Gò Vấp, Tp Hồ Chí Minh (Phường An Hội Đông, TP Hồ Chí Minh mới)","🎉🎉 HIẾM 1 CĂN ***

Mô Tả

+ Kết cấu: nhà 1 trệt 1 lầu, 3 phòng ngủ 2 WC, phòng khách, bếp, sân để xe…

+ Hẻm rông thênh thang đậu xe hoi ngày đêm trước nhà thoải mái.
+ Pháp lý: Sổ hồng riêng, vuông đẹp.
$hip",Nhà phố liền kề,88 m²,,Đã có sổ,3 phòng,3 phòng,2.0,Nội thất đầy đủ,Bắc,,4 m,22 m,[]
