tieu_de,gia_ban,don_gia,dien_tich,dia_chi,mo_ta,loai_hinh,dien_tich_dat,dien_tich_su_dung,gia_m2,giay_to_phap_ly,so_phong_ngu,so_phong_ve_sinh,tong_so_tang,tinh_trang_noi_that,huong_cua_chinh,dac_diem,chieu_ngang,chieu_dai,bieu_do_gia
[SIÊU PHẨM GV]–BIỆT THỰ 2MT GẦN 1000M–DÒNG TIỀN CAO–DƯƠNG QUẢNG HÀM,106 tỷ,"115,91 triệu/m²",914.5 m²,"Đường Dương Quảng Hàm, Phường 6, Quận Gò Vấp, Tp Hồ Chí Minh (Phường An Nhơn, TP Hồ Chí Minh mới)","GIA ĐÌNH CHIA TÀI SẢN BÁN BÁN GẤP CĂN BIỆT THỰ TÂM HUYẾT! 
• Siêu vị trí 2MT đường số 20, p6, GV, đường nhựa 16m hiện hữu KD sầm uất (số nhà mới 496/36 & 496/38 Dương Quảng Hàm, p.An Nhơn),giáp Bình Thạnh–Phú Nhuận.
• Cạnh Công viên VHGV (37 ha): Không gian trong lành hiếm có tại TP.HCM. khu BT 88 căn, phố nhà giàu.
• Kết nối: 10ph đến Sân bay TSN. Lotte,Emart,Vincom,Cityland &trường ĐH lớn (Công nghiệp,Hoa Sen,Văn Lang..
• Đón đầu hạ tầng: Siêu dự án bờ kè Tham Lương - Bến Cát tuyến giao thông huyết mạch đường thuỷ, đường bộ (đã thông tuyến & trải nhựa). Cách ga METRO số 4 chỉ 500m đi bộ. Hạ tầng bức phá, tăng giá phi mã qua từng ngày.
# THÔNG SỐ VÀNG:
• DT đất: 914,5m² (Thực tế SD gần 1.000m²). 2 MT trước sau (tiện xin phép PCCC)
• KT: 18,2m x 42m (Nở hậu đẹp 24m) Tài lộc và PT cực tốt
• Hiện trạng: BT sân vườn 650m2 sàn (1 trệt 2 lầu), 8PN, 6WC,không gian xanh mát
# DÒNG TIỀN & XD:
• HĐ thuê với chuỗi CAFE lớn,uy tín (125triệu/tháng, ưu tiên san HĐ thuê còn hơn 2 năm)
• XÂY DỰNG VIP: HẦM + 7 TẦNG. Tặng p/án xây KS+CHDV 130 phòng (thu nhập trên 800tr/tháng, xây lời ngay 40t)
# PHÁP LÝ & GIÁ BÁN:
• Pháp lý: Sổ hồng riêng, hoàn công đầy đủ. Sẳn sàng giao dịch
• Giá bán nhanh : 106 tỷ Chốt (GĐ đã quyết định giá, chỉ TL nhẹ cho khách thiện chí).
# Quỹ đất lớn, vị trí vàng, mức giá đầu tư ""hiếm có khó tìm"" còn sót lại tại trung tâm GV, biên độ tăng trưởng cao hơn 15%/năm, hàng top TPHCM. GĐ thiện chí bán
# LH: MS Dung chủ nhà
# HHMG 1%
# Miễn QC","Nhà mặt phố, mặt tiền",914.5 m²,,"115,91 triệu/m²",Đã có sổ,8 phòng,6 phòng,3.0,Nội thất đầy đủ,Bắc,Nhà nở hậu,18.2 m,42 m,[]
QUÁ RẺ - NGUYỄN XÍ – 72M2 (4X18) – 2 TẦNG 3PN 3WC – 7.9 TỶ,"7,9 tỷ","109,72 triệu/m²",72 m²,"Đường Nguyễn Xí, Phường 13, Quận Bình Thạnh, Tp Hồ Chí Minh (Phường Bình Lợi Trung, TP Hồ Chí Minh mới)","NGUYỄN XÍ – 72M2 (4X18) – 2 TẦNG 3PN 3WC – 7.9 TỶ
📐 Diện tích 72m² ngang 4m dài 18m lô góc 3 mặt thoáng
🏠 Kết cấu 2 tầng 3PN 3WC bếp phòng thờ ban công
📍 Vị trí Phường Bình Lợi Trung TP.HCM cách mặt tiền Nguyễn Xí ~40m
🧾 Khu dân trí an ninh tiện ích đầy đủ bán kính 300m","Nhà ngõ, hẻm",72 m²,,"109,72 triệu/m²",Đã có sổ,3 phòng,,,,,,4 m,18 m,"[130, 130, 130, 177.82, 177.82, 158.33, 158.33, 167.57, 172.55, 172.55, 162, 158.1, 158.1]"
[ 4 TẦNG ] SÂN THƯỢNG VIEW LANDMARK_ KHU SẦM UẤT BÙI ĐÌNH TÚY,"3,94 tỷ","172,81 triệu/m²",22.8 m²,"Đường Bùi Đình Tuý, Phường 12, Quận Bình Thạnh, Tp Hồ Chí Minh (Phường Bình Thạnh, TP Hồ Chí Minh mới)","4 TẦNG - VIEW LANDMARK

[ Bùi Đình Tuý_ Bình Thạnh ]

✅️ 4 Tầng
✅️ Trệt + 2 lầu + sân thượng
✅️ 2PN_ 3WC_phòng khách và bếp, tầng trệt, sân thượng rộng, view Landmark 81
✅️ SHR_Công chứng ngay

✨️Giá chủ chào bán: 3ty940 (thương lượng chính chủ) 

📲 GỌI XEM NHÀ NGAY: *** (Call,Zalo) 
#nhadatquanbinhthanh #nhaphobinhthanh #nhadepquanbinhthanh #TungBinhThanh","Nhà ngõ, hẻm",22.8 m²,92 m²,"172,81 triệu/m²",Đã có sổ,2 phòng,2 phòng,4.0,Nội thất đầy đủ,Tây,,,,"[128.03, 123.61, 165.15, 165.15, 153.98, 150.82, 154.98, 152.5, 110, 110]"
"Bán Toà CHDV Khu Phan Xích Long, 6x23m, Hầm 6 Lầu, Hđt 140tr/tháng","22,9 tỷ","165,94 triệu/m²",138 m²,"Đường Hoa Hồng, Phường 2, Quận Phú Nhuận, Tp Hồ Chí Minh (Phường Cầu Kiệu, TP Hồ Chí Minh mới)","- Bán Gấp Toà CHDV Mới Xây Khu Phan Xích Long, Quận Phú Nhuận.
- Vị trí đắc địa, sát phố ẩm thực, tiếp giáp quận 1, quận 3, Bình Thạnh,..khu an ninh rất đẹp, hẻm thông thoáng.
- Diện tích : 6x23m vuông vức, công nhận đủ.
- Kết cấu: Hầm, 6 Lầu.
- Trang bị đầy đủ, Pccc, thang máy, thang bộ,…
- Dòng tiền: 140 triệu/tháng - gần 1,7 tỷ/năm.
- Pháp lý: sổ hồng hoàn công đầy đủ, cá nhân mua bán nhanh.
- Giá bán 22,9 tỷ thương lượng thiện chí.
- Chi tiết liên hệ Jacky.","Nhà ngõ, hẻm",138 m²,600 m²,"165,94 triệu/m²",Đã có sổ,nhiều hơn 10 phòng,,6.0,Nội thất cao cấp,,Nhà nở hậu,6 m,23 m,"[198.33, 198.33, 184.44, 184.44, 169.06, 169.06, 163.64, 183.12, 182.85, 179.17, 179.17, 179.17, 179.17]"
NHỈNH 5T - 52M2 - TRỆT 2 LẦU ST - VÀI BƯỚC LÊN Ô TÔ - GẦN EMART 2,"5,98 tỷ",115 triệu/m²,52 m²,"Đường Phan Huy Ích, Phường 12, Quận Gò Vấp, Tp Hồ Chí Minh (Phường An Hội Tây, TP Hồ Chí Minh mới)","NHỈNH 5T- 52M2 - TRỆT 2 LẦU ST - VÀI BƯỚC LÊN Ô TÔ - GẦN EMART PHAN HUY ÍCH

- Diện tích: 52m2 
- Xây dựng: 1 trệt, 2 lầu. Công năng gồm: phòng khách, P bếp, 4phòng ngủ, 2 toilet, khu giặt, sân thượng.sân để xe.
- Hẻm rộng rãi, khu an ninh. Cách vài bước chân ra HXH. Gần Emart 2, trung tâm hành chính phường An Hội Tây mới
- Pháp lý: Sổ hồng riêng

LH: BĐS ĐẠI HÙNG - THƯƠNG LƯỢNG CHÍNH CHỦ","Nhà ngõ, hẻm",52 m²,,115 triệu/m²,Đã có sổ,4 phòng,2 phòng,4.0,,,Hẻm xe hơi,,,"[101.42, 101.42, 105.04, 102.5, 114.29, 111.45, 103.65, 116.62, 124.7, 106.58, 114.29]"
Chính chủ bán 108/27/52 Võ Duy Ninh 4.65 hh 50 tr,"4,65 tỷ",150 triệu/m²,31 m²,"Đường Võ Duy Ninh, Phường 22, Quận Bình Thạnh, Tp Hồ Chí Minh (Phường Thạnh Mỹ Tây, TP Hồ Chí Minh mới)","☘️☘️Giá 4.65 tỷ thương lượng ☘️☘️
🌷🌷🌷Thân gởi 🌹 50 triệu 🌷🌷
———————————————
Địa chỉ: 108/27/52 Võ Duy Ninh, Phường 22, Quận Bình Thạnh 
- Diện tích: 30m2, Dtxd 94.4m2 
- Kết cấu: nhà 3 tầng BTCT, Trệt, lửng, lầu, sân thượng, 3 phòng ngủ, 4 WC, 1 phòng thờ, có sân để xe gắn máy. 
- Tặng nội thất. View landmark 81 tầng, không vướng nhà đối diện. Nhà gần chợ, trường học, siêu thị. 
- cho thuê 20tr/th 

💰Giá: 4.65 tỷ Thương lượng🌾
- Liên hệ Nghị Ông Địa 
( Nhà trống khóa số xem nhà 24/7)","Nhà ngõ, hẻm",31 m²,94 m²,150 triệu/m²,Đã có sổ,3 phòng,4 phòng,3.0,Nội thất đầy đủ,Tây Nam,,3 m,10 m,"[115.24, 120, 129.55, 140, 118, 118, 137.67, 112.74, 112.74, 138.75, 114.73, 104.55, 94.84]"
Chính chủ bán nhà Khu Bình Quới Thanh Đa,2 tỷ,"32,26 triệu/m²",62 m²,"Đường Bình Quới, Phường 28, Quận Bình Thạnh, Tp Hồ Chí Minh (Phường Bình Quới, TP Hồ Chí Minh mới)","Bán nhà K99 diện tích 62m2 
Chính chủ cần bán nhà","Nhà ngõ, hẻm",62 m²,,"32,26 triệu/m²",Giấy tờ viết tay,2 phòng,1 phòng,,Hoàn thiện cơ bản,,,,,[]
"Giảm sâu nhà Hoàng Hoa Thám, chợ Cây Quéo, hẻm xe hơi, 93m giá 11.9 tỷ","11,9 tỷ","127,96 triệu/m²",93 m²,"Đường Hoàng Hoa Thám, Phường 5, Quận Bình Thạnh, Tp Hồ Chí Minh (Phường Bình Lợi Trung, TP Hồ Chí Minh mới)","🔥 GIẢM SÂU – HXH 7 CHỖ – HOÀNG HOA THÁM, BT 🔥
💰 Giá chỉ 11.9 TỶ (chủ bán gấp)
📐 93m² – ngang 5m, nở hậu 8m, dài 15m
🏗️ Nhà BTCT 2 tầng – 3PN, đang cho thuê 15tr/tháng
🚗 Hẻm xe hơi 7 chỗ vào nhà (hẻm 101 Nguyễn Văn Đậu)
📍 Sát chợ Cây Quéo – Hoàng Hoa Thám
📕 Pháp lý sạch – công chứng ngay
✨ Phù hợp xây CHDV – khai thác dòng tiền
📞 *** - Việt Trần","Nhà ngõ, hẻm",93 m²,146 m²,"127,96 triệu/m²",Đã có sổ,3 phòng,3 phòng,2.0,Nội thất đầy đủ,Tây Bắc,Hẻm xe hơi,5 m,15 m,"[138.65, 138.65, 145.14, 152.04, 152.04, 132.99, 141.94, 143.95, 166.67, 166.67, 151.03, 151.03, 151.03]"
HẺM XE HƠI HUỲNH VĂN BÁNH - LÊ VĂN SỸ - 52M - 3 TẦNG,9 tỷ,"173,08 triệu/m²",52 m²,"Đường Huỳnh Văn Bánh, Phường 13, Quận Phú Nhuận, Tp Hồ Chí Minh (Phường Phú Nhuận, TP Hồ Chí Minh mới)","🏡 PHÚ NHUẬN
HẺM XE HƠI SÁT MẶT TIỀN HUỲNH VĂN BÁNH
- Diện tích 52M (5,2 x 10)M; 3 tầng btct. Khu vực đồng bộ nhiều nhà đẹp. 
- Vị trí ngay trung tâm Phú Nhuận gần Nguyễn Văn Trỗi- liền kề quận 3. Qua sân bay 10 phút.

📍Nhỉnh 9 tỷ
🌼 NHÀ THẬT SÀI GÒN - CÓ SAO NÓI ZẬY🌼

#bannhaphunhuangiathat
#bannhaquan3giathat","Nhà ngõ, hẻm",52 m²,,"173,08 triệu/m²",,3 phòng,,,,,,5.2 m,10 m,"[129.87, 129.87, 173.98, 180.56, 179.09, 175, 184.91, 180.51, 201.73, 201.73, 205.56, 205.56, 185.14]"
"Nhà Bán Chính Chủ, Khu Vực Đường Số 20 Phường An Nhơn - Gò Vấp","23,1 tỷ",165 triệu/m²,140 m²,"Đường Số 20, Phường 5, Quận Gò Vấp, Tp Hồ Chí Minh (Phường An Nhơn, TP Hồ Chí Minh mới)","Nhà bán chính chủ, khu vực đường số 20, phường An Nhơn - Gò vấp

* Đ/c: 241/10 đường số 20, phường an Nhơn thành phố hồ chí minh

* Diện tích nhà: 140m (ngang 7m, dài 20m)

- Nhà chính chủ bán, có giấy tờ đầy đủ nên a/c yên tâm nhé 

- Nhà có 2 tầng, rộng và thoải mái 

- Nằm trên đường Dương Quảng Hàm, cách đường 1km. Gần Emart, Vincome và ĐH Văn Lang

- Hẻm rộng, yên tĩnh, an toàn và thoải mái. Xe oto ra vào được và đậu thoải mái luôn ạ. Nhà nằm ở 3 ngã rẽ đều dẫn ra đường lớn rất thuận tiện 

=> Giá: 23,1 tỷ

* A/c thấy nhà đẹp và ok thì liên hệ với em qua 2 sđt: 

- *** ; *** (Thức)

Cám ơn a/c đã quan tâm",Nhà biệt thự,140 m²,186.36 m²,165 triệu/m²,Đã có sổ,4 phòng,,2.0,,,Hẻm xe hơi,7 m,20 m,[]
"HẺM XE HƠI PHÚ MỸ, BÌNH THẠNH - Chỉ 4Tỷ890/ 4,2x15,5m - NHÀ HOÀN CÔNG","4,89 tỷ","75,12 triệu/m²",65.1 m²,"Đường Phú Mỹ, Phường 22, Quận Bình Thạnh, Tp Hồ Chí Minh (Phường Thạnh Mỹ Tây, TP Hồ Chí Minh mới)","Nhà riêng sổ hồng công chứng Phú Mỹ, p22, Bình Thạnh
Thiết kế: trệt - lửng - 3 Lầu - 5 phòng
Diện tích: 4,2 x 15,5m
Đường 6m xe hơi quay đầu thoải mái, thông suốt
Giá chỉ 4 tỷ 890 triệu - Xem nhà mua bán trước tết","Nhà ngõ, hẻm",65.1 m²,,"75,12 triệu/m²",Đã có sổ,5 phòng,6 phòng,5.0,Nội thất cao cấp,,Nhà nở hậu,4.2 m,15.5 m,"[119.57, 119.46, 119.46, 112.83, 130.43, 118, 111.11, 114.95, 116.67, 116.67, 121.95, 121.95, 121.95]"
"Nhà Mới Xây Hẻm💎 Phạm Văn Chiêu P14💎5mx11,3m 💎1 Lầu 2PN 2WC💎","5,3 tỷ","92,98 triệu/m²",57 m²,"Đường Phạm Văn Chiêu, Phường 14, Quận Gò Vấp, Tp Hồ Chí Minh (Phường An Hội Tây, TP Hồ Chí Minh mới)","🏡NHÀ PHẠM VĂN CHIÊU, AHT, GÒ VẤP, HCM
========================
❤️Chỉ có 5 tỷ 300 trăm 80 triệu ( còn thương lượng)

⚜️Diện tích: 5m ❌ 11m30
⚜️Kết Cấu: Trệt, lầu, Gồm 2 phòng ngủ, 2wc, phòng khách, bếp, bancong, giếng trời, cửa hông!!

🎁Tặng Nội Thất Theo Nhà

⚜️Hướng Tây Bắc
⚜️Hẻm gần 3m thông, cách đường xe hơi 15m, gần chợ nhiều tiện ích xung quanh !!!
========================",Nhà phố liền kề,57 m²,,"92,98 triệu/m²",Đã có sổ,4 phòng,3 phòng,1.0,Nội thất cao cấp,,,5 m,11.3 m,[]
PHAN VĂN HÂN – 1 PHÚT Q1 – 70M2 - BÌNH THẠNH – NHỈNH 5 TỶ,"5,2 tỷ","74,29 triệu/m²",70 m²,"Đường Phan Văn Hân, Phường 17, Quận Bình Thạnh, Tp Hồ Chí Minh (Phường Gia Định, TP Hồ Chí Minh mới)","PHAN VĂN HÂN – NHÀ ĐẸP LONG LANH – 1 PHÚT Q1 – 70M2 – NHỈNH 5 TỶ
💎 Vị trí siêu đẳng cấp ngay trung tâm Gia Định – Bình Thạnh, đi bộ ra Quận 1.
💎 Nhà thiết kế thoáng sáng: 2PN – 2WC – PK – Bếp – Giếng trời.
💎 Tiện ích ngập tràn: ngân hàng, UBND, trường học, siêu thị, tuyến đường huyết mạch.
📐 Tổng diện tích 56/70m2 – 3.8 x 19m, phong thủy cực đẹp.
📘 Sổ hồng riêng, pháp lý sạch, mua bán nhanh.
- Giá thương lượng trực tiếp chính chủ và còn bớt
📞 Liên hệ Huệ mua nhà GIÁ TỐT và HỖ TRỢ TƯ VẤN PHÁP LÝ.","Nhà ngõ, hẻm",70 m²,140 m²,"74,29 triệu/m²",Đã có sổ,3 phòng,2 phòng,2.0,Nội thất cao cấp,,Nhà tóp hậu,3.8 m,16 m,"[128.79, 128.79, 128.79, 128.79, 128.79, 128.79, 152.16, 152.16, 152.16, 152.16, 152.16, 152.16, 152.16]"
HXH 29 .Đoàn Thị Điểm 40m2 5 Tầng HXH,"13,568 tỷ","347,90 triệu/m²",39 m²,"Đường Đoàn Thị Điểm, Phường 1, Quận Phú Nhuận, Tp Hồ Chí Minh (Phường Cầu Kiệu, TP Hồ Chí Minh mới)","TUYỆT PHẨM ĐOÀN THỊ ĐIỂM - HẺM XE HƠI THÔNG PHAN XÍCH LONG - NỘI THẤT TIỀN TỶ - 5 TẦNG
📍 Vị trí Đắt Giá (Trung tâm Phú Nhuận):
• Tọa lạc tại đường Đoàn Thị Điểm, Phường 1, Phú Nhuận.
• Hẻm xe hơi thông tứ tung: Thông từ ""Phố ẩm thực"" Phan Xích Long sang trục đường huyết mạch Phan Đăng Lưu.
• Khu vực VIP, dân trí cao, bước ra ngõ là ngập tràn tiện ích (Bệnh viện Hoàn Mỹ, siêu thị, trường học, ngân hàng).
🏠 Thông số & Kết cấu:
• Diện tích: 40m² vuông vức.
• Kích thước lý tưởng: Ngang 4.7m (rất hiếm, nhà cực thoáng) x Dài 8.5m.
• Kết cấu bề thế: Nhà xây dựng 5 Tầng đúc kiên cố.
• Công năng: Thiết kế 4 Phòng ngủ sang trọng, 5 WC riêng biệt từng phòng, Sân thượng, Phòng thờ.
💎 Đẳng cấp khác biệt:
• Gia chủ để lại toàn bộ Nội thất tiền tỷ: Thiết kế theo phong cách Châu Âu, nhập khẩu cao cấp. Khách mua chỉ cần xách vali vào ở ngay, không cần sắm sửa gì thêm.
• Nhà bề ngang rộng gần 5m nên không gian phòng ốc cực kỳ rộng rãi, thoáng mát.
📕 Pháp lý:
• Sổ hồng riêng chính chủ, hoàn công đầy đủ.
• Pháp lý sạch, sang tên ngay.","Nhà ngõ, hẻm",39 m²,,"347,90 triệu/m²",Đã có sổ,4 phòng,5 phòng,5.0,,,,4.7 m,8.5 m,"[233.89, 233.89, 208.29, 208.37, 200, 200, 200, 233.33, 233.33, 233.33, 233.33, 233.33, 233.33]"
"NHÀ NÁT CẤP 4, PHÚ NHUẬN, 102M2(5.5x17) Hậu 7.2m","8,8 tỷ","86,27 triệu/m²",102 m²,"Đường Nguyễn Lâm, Phường 7, Quận Phú Nhuận, Tp Hồ Chí Minh (Phường Cầu Kiệu, TP Hồ Chí Minh mới)","Mô tả:
+ Vị trí: Khu Phan Xích Long, Đường Nguyễn Lâm thông Nguyễn Công Hoan, P7, Phú Nhuận.
+ Diện tích: công nhận đủ trên sổ 102M2, ngang 5.5m nở hậu 7.2m x dài 17m.
+ Kết cấu: Cấp 4 đã xây hơn 60 năm, tiện xây mới.
+ 1 đời chủ hơn 80 năm, bao đầu tư.
+ Hẻm ba gác thông 
+ phù hợp làm CHDV.
+ sổ tại nhà, bán chia tài sản, sạch, pháp lý chuẩn, công chứng ngay.","Nhà ngõ, hẻm",102 m²,,"86,27 triệu/m²",Đã có sổ,3 phòng,1 phòng,1.0,Hoàn thiện cơ bản,,Hẻm xe hơi,,,"[149.65, 161.06, 161.06, 145.83, 161.82, 143.48, 143.48, 150.61, 137.93, 150.68, 150.68, 150.68, 150.68]"
"🏠 CẦN BÁN GẤP – HẺM VIP PHAN VĂN TRỊ, P11, BÌNH THẠNH",8 tỷ,"61,54 triệu/m²",130 m²,"Đường Phan Văn Trị, Phường 11, Quận Bình Thạnh, Tp Hồ Chí Minh (Phường Bình Lợi Trung, TP Hồ Chí Minh mới)","#e57
🏠 CẦN BÁN GẤP – HẺM VIP PHAN VĂN TRỊ, P11, BÌNH THẠNH
📐 DT 130m² 
💰 Giá chỉ 8 tỷ TL

– Kết cấu: 1 trệt, 1PN – 1WC
– Hẻm 4m sạch, khu VIP, dân trí cao
– Sổ hồng riêng – công chứng ngay
☎️Zalo *** Tùng","Nhà ngõ, hẻm",130 m²,,"61,54 triệu/m²",Đã có sổ,1 phòng,,,,,Hẻm xe hơi,6.2 m,21 m,"[146.49, 132.64, 121.48, 116.48, 128, 165.85, 165.85, 132.58, 138.06, 124.55, 165, 163.94, 157.6]"
"Bán nhà C4, HXT Quang Trung, Gò vấp, nở hậu, 108m2, hơn 6 tỷ","6,9 tỷ","63,89 triệu/m²",108 m²,"Đường Quang Trung, Phường 10, Quận Gò Vấp, Tp Hồ Chí Minh (Phường Gò Vấp, TP Hồ Chí Minh mới)","🔥 #Gò_vấp, Bán nhà C4 - HXT tiện xây mới, CHDV, Quang Trung, P.10, nở hậu, KDC hiện hữu, ko Quy hoạch, hơn 6 tỷ 

🔹️ Dt: 108m2 (9 x 10m), nở hậu 14m
🔹️ Gồm: 3PK, 3WC, PK, bếp, sân rộng
🔹️ Sát mặt tiền Quang Trung, 
🔹️ Tiện ích xung quanh: bán kính 1km ko thiếu thứ gì
 • Siêu thị, chợ, cửa hàng ăn uống
 • Trường học các cấp
 • Công viên – khu vui chơi
 • Ngân hàng, ATM
 • Gần bệnh viện, phòng khám
 • Giao thông thuận tiện đi Q1, Q12, Tân Bình 🚗
💰 6.9 tỷ (thương lượng chính chủ)","Nhà ngõ, hẻm",108 m²,97 m²,"63,89 triệu/m²",Đã có sổ,4 phòng,3 phòng,,,,Hẻm xe hơi,9 m,10 m,"[107.46, 107.46, 106.79, 115.2, 115.2, 110.54, 110.54, 115, 109.26, 120.83, 110.7, 112.41, 112.5]"
"Giảm sốc nhà 2 tầng Cạnh Emart Phan Huy Ích, còn đẹp chắc chắn.","5,32 tỷ","100,38 triệu/m²",53 m²,"Đường Phan Huy Ích, Phường 14, Quận Gò Vấp, Tp Hồ Chí Minh (Phường An Hội Tây, TP Hồ Chí Minh mới)","- Bán nhà Phan Huy Ích 1 đời Chủ mới gửi Hạ giá bán nhanh. 5,6m x 11m (trệt, lầu)

- hẻm 4m đồng bộ đẹp. 

Bán gấp 5,32Tỉ còn thương lượng
(trước rao 5,8tỉ)","Nhà ngõ, hẻm",53 m²,,"100,38 triệu/m²",Đã có sổ,3 phòng,,,,,,,,"[105.71, 108.33, 105.8, 104, 104, 107.82, 114.29, 114.29, 120.59, 122.49, 122.49, 122.49, 122.49]"
"MẶT TIỀN 4,3 X 23M NGUYỄN DUY CUNG, P12, GÒ VẤP","11,7 tỷ","119,39 triệu/m²",98 m²,"Đường Nguyễn Duy Cung, Phường 12, Quận Gò Vấp, Tp Hồ Chí Minh (Phường An Hội Tây, TP Hồ Chí Minh mới)","🏡 BÁN NHÀ MẶT TIỀN 163 NGUYỄN DUY CUNG, P12, GÒ VẤP (nay thuộc phường An Hội Tây, TPHCM)

📏 Diện tích: 4,25 x 23m
🏠 Kết cấu: 1 trệt, 2 lầu, sân thượng
🚗 Công năng: Gara ô tô riêng, phòng khách, bếp rộng rãi, 4 phòng ngủ, 4 WC riêng, 2 sân thượng lớn, ban công thoáng mát 🌿
📍 Vị trí đắc địa: Cách chợ, siêu thị chỉ 2 phút đi bộ – gần sân bay, trường học, đầy đủ tiện ích trong bán kính 300m

💰 Giá bán: 11 tỷ 700 chốt
📠 ccg4011

#nhasieure #ban_nha_mat_tien #nhadep #nhagovap #batdongsanTPHCM #nhasieurevn","Nhà mặt phố, mặt tiền",98 m²,,"119,39 triệu/m²",Đã có sổ,5 phòng,,,,,,4.25 m,23 m,"[130.39, 111.46, 111.46, 119.5, 119.53, 111.11, 100, 100, 128.5, 128.5, 123.56, 119.9, 119.93]"
HẺM 8M Ô TÔ TRÁNH – KD SẦM UẤT – NGUYỄN XÍ - P26 - BÌNH THẠNH - 11 TỶ,11 tỷ,"171,88 triệu/m²",64 m²,"Đường Nguyễn Xí, Phường 26, Quận Bình Thạnh, Tp Hồ Chí Minh (Phường Bình Thạnh, TP Hồ Chí Minh mới)","🔥 HẺM 8M Ô TÔ TRÁNH – KINH DOANH SẦM UẤT – NGUYỄN XÍ, P26, BÌNH THẠNH 🔥

📍 Vị trí đắc địa:
Nhà tọa lạc trên đường Nguyễn Xí, Phường 26, Quận Bình Thạnh – khu vực trung tâm, giao thông thuận tiện kết nối nhanh về Quận 1, Phú Nhuận, Gò Vấp, Thủ Đức. Khu dân cư hiện hữu, hẻm rộng 8m ô tô tránh nhau, xe ra vào thoải mái, phù hợp ở kết hợp kinh doanh lâu dài.

🏡 Thông tin chi tiết căn nhà:
 • Diện tích: 64m² (4.2m x 15.5m) – đất vuông vức, không lỗi phong thủy
 • Kết cấu: 1 trệt – 1 lửng – 2 lầu – sân thượng
 • Công năng: 5 phòng ngủ – 5 WC, bố trí hợp lý, không gian thông thoáng
 • Nhà xây kiên cố, còn mới, có thể vào ở ngay hoặc khai thác kinh doanh

💼 Phù hợp đa mục đích sử dụng:
 • Vừa ở vừa mở văn phòng công ty tại nhà
 • Kinh doanh spa, nail, salon tóc, shop online, showroom
 • Cho thuê nguyên căn hoặc chia phòng tạo dòng tiền ổn định

🌳 Môi trường sống:
Hẻm sạch sẽ, thông thoáng, khu vực dân trí cao, an ninh đảm bảo, hàng xóm thân thiện. Khu vực kinh doanh sầm uất nhưng vẫn yên tĩnh để ở lâu dài.

📖 Pháp lý rõ ràng:
 • Sổ hồng riêng, hoàn công đầy đủ
 • Mua bán công chứng ngay, hỗ trợ pháp lý trọn gói

👉 Căn nhà phù hợp cả nhu cầu an cư lẫn đầu tư – giữ tiền – khai thác kinh doanh tại khu vực Bình Thạnh đang tăng giá mạnh.

📞 Liên hệ ngay để xem nhà thực tế và làm việc chính chủ – thương lượng giá tốt cho khách thiện chí.","Nhà ngõ, hẻm",64 m²,,"171,88 triệu/m²",,5 phòng,5 phòng,4.0,,,Hẻm xe hơi,,,"[139.11, 139.11, 129.66, 129.66, 120.58, 120.58, 120.58, 107.48, 107.48, 162, 157.14, 176.92, 176.92]"
"Nhà mới xây 4,2m x 13m 5 tầng Nguyễn Đình Chiểu gần oto chỉ hơn 12 tỷ","12,85 tỷ","233,64 triệu/m²",55 m²,"Đường Nguyễn Đình Chiểu, Phường 5, Quận Phú Nhuận, Tp Hồ Chí Minh (Phường Đức Nhuận, TP Hồ Chí Minh mới)","Gần hẻm oto tránh Nguyễn Đình Chiểu quận 3, kết cấu 5 tầng nhà mới xây 4 năm còn rất mới, ngay trung tâm quận 3 giáp quận 1 chỉ hơn 12 tỷ

Diện tích 4.2m x 13m (công nhận 55m2), nhà mới xây được 4 năm kết cấu 5 tầng, hoàn công đủ

Công năng 6 phòng ngủ 6 nhà vệ sinh khéo kín, phòng Khách bếp rộng rãi, sân thượng có chỗ trồng rau sạch rất ngon

Hẻm trước nhà gần 3m cách 30m ra hẻm oto tránh 8m, thông Điện Biên Phủ giáp quận 1. Giá bán 12.850 tỷ (chủ rất dễ thương thiện chí).","Nhà mặt phố, mặt tiền",55 m²,225 m²,"233,64 triệu/m²",Đã có sổ,6 phòng,6 phòng,5.0,Nội thất đầy đủ,,,4.2 m,13 m,[]
"Bán nhà mặt tiền nguyễn văn khối, trệt 2 lầu","9,98 tỷ","232,09 triệu/m²",43 m²,"Đường Nguyễn Văn Khối, Phường 8, Quận Gò Vấp, Tp Hồ Chí Minh (Phường Thông Tây Hội, TP Hồ Chí Minh mới)","Bán Nhà mặt tiền Nguyễn Văn Khối phường 8 
Kinh doanh buôn bán sầm uất nhất gò vấp.
 DT. 3.3m Nở Hậu 3.35 × 13mdiện tích sàn CN 114m2 Nhà nở hậu tài lộc về đầy nhà, vỉa hè 5m ô tô để thoải mái. 
Nhà một trệt 2 lầu 4 Phòng ngủ ,4 phòng vệ sinh 🚾 
SHR, hoàn công đủ 
Giá 9,980 TL nhẹ","Nhà mặt phố, mặt tiền",43 m²,,"232,09 triệu/m²",Đã có sổ,4 phòng,4 phòng,2.0,,,,3.3 m,13 m,[]
"MẶT TIỀN KINH DOANH, 4 TẦNG, 67M2, NHỈNH 6 TỶ, NGUYỄN TƯ GIẢN, GÒ VẤP","6,95 tỷ","103,73 triệu/m²",67 m²,"Đường Nguyễn Tư Giản, Phường 12, Quận Gò Vấp, Tp Hồ Chí Minh (Phường An Hội Tây, TP Hồ Chí Minh mới)","MẶT TIỀN KINH DOANH, 4 TẦNG, 67M2, GIÁ CHỈ 6 .95 TỶ , NGUYỄN TƯ GIẢN, GÒ VẤP
- Kết cấu : 4 tầng, trệt 2 lầu sân thượng, 3pn. Phòng thờ
- Vị trí kinh doanh, nhà mới đẹp dọn vào ở ngay
- Gần emart Phan Huy Ich, giáp bên Tân Bình, Tân Phú, Quận 12
- Pháp lý chuẩn công chứng nhanh
- Liên hệ : Mr Sửu. nhà phố x
- BQL1","Nhà mặt phố, mặt tiền",67 m²,,"103,73 triệu/m²",Đã có sổ,3 phòng,4 phòng,4.0,Nội thất cao cấp,,Hẻm xe hơi,,,"[126.32, 126.32, 126.32, 126.32, 126.32, 126.32, 126.32, 126.32, 126.32, 126.32, 126.32, 126.32, 126.32]"
• Nhà 40m² Giáp Q1 – Hẻm Ô Tô Cách Nhà Vài Bước,"3,85 tỷ","96,25 triệu/m²",40 m²,"Đường Lê Quang Định, Phường 5, Quận Bình Thạnh, Tp Hồ Chí Minh (Phường Bình Lợi Trung, TP Hồ Chí Minh mới)","👉 1 Trệt 1 lầu ( 2 PN MASTER 2 WC )
👉 Vị trí: Gần bệnh viện Ung Bứu, Bệnh viện Gia Định, Gần sân bay, các trường Đại học lớn,... 
👉 Hẻm sạch sẽ An ninh, dân trí cao
📖 Sổ hồng riêng, hoàn công đủ, công chứng ngay.","Nhà ngõ, hẻm",40 m²,,"96,25 triệu/m²",Đã có sổ,2 phòng,,,,,,,,"[146.71, 185.29, 143.23, 143.23, 146.73, 146.73, 162.17, 142.21, 135.67, 110.83, 110.83, 162.57, 162.57]"
"NHÀ 1 LẦU 35m2 HẺM 3m, CHỈ 100m RA MẶT TIỀN NGUYỄN VĂN KHỐI, P.8.","4,68 tỷ","133,71 triệu/m²",35 m²,"Đường Nguyễn Văn Khối, Phường 8, Quận Gò Vấp, Tp Hồ Chí Minh (Phường Thông Tây Hội, TP Hồ Chí Minh mới)","🎉🎉 NHÀ ĐƯỜNG NGUYỄN VĂN KHỐI, P.8, GẦN PHẠM VĂN CHIÊU.
💸💸 GIÁ BÁN : 4.68 TỶ ( BỚT LỘC ) 

🏠 NHÀ 1 LẦU 35m2 HẺM 3m CHỈ 100m RA MẶT TIỀN NGUYỄN VĂN KHỐI, P.8, GÒ VẤP. 

- Diện tích 3.5m x 10m, công nhận đủ 35m2. Diện tích sàn sử dụng 70m2.
- Kết cấu trệt, 1 lầu, 2 phòng ngủ, 2 toilet, bếp, phòng khách, ban công.
- Nhà mới, tặng full nội thất cao cấp, chỉ xách vali vô ở. ĐẶC BIỆT GIAO NHÀ NGAY KHI KHÁCH CỌC.
- Hẻm 3m sạch sẽ, an ninh, dân trí, chỉ  5 căn ra hẻm xe tải, cách 100m ra mặt tiền Nguyễn Văn Khối. 
- Vị trí gần ngã 3 Phạm Văn Chiêu, khu vực đông đúc, sầm uất, tiện ích đầy đủ, về Công viên Làng Hoa chỉ 2'.
☎️ Liên hệ *** Khánh.(751)","Nhà ngõ, hẻm",35 m²,,"133,71 triệu/m²",Đã có sổ,2 phòng,2 phòng,2.0,Nội thất cao cấp,Tây Nam,Hẻm xe hơi,3.5 m,10 m,"[116.44, 109.76, 109.76, 108.81, 122.06, 116.67, 116.67, 103.29, 119.45, 117.86, 119.34]"
💥HIẾM - ĐIỆN BIÊN PHỦ XE HƠI ĐỖ CỬA GIÁP Q1 - 5 TẦNG - ĐANG THUÊ 13TR,"6,6 tỷ","253,85 triệu/m²",26 m²,"Đường Điện Biên Phủ, Phường 22, Quận Bình Thạnh, Tp Hồ Chí Minh (Phường Thạnh Mỹ Tây, TP Hồ Chí Minh mới)","💥HIẾM - ĐIỆN BIÊN PHỦ XE HƠI ĐỖ CỬA GIÁP QUẬN 1 - 5 TẦNG - ĐANG CHO THUÊ 13TR/ THÁNG - 6.6 TỶ

Thương lượng chủ: *** (Trang bđs đẹp). Có nhận ký gửi nhà đất toàn TP.HCM
#hemxehoi
#nhabinhthanh
#nhadep
#nhangon
#nhagiatot
#phaplychuan","Nhà ngõ, hẻm",26 m²,,"253,85 triệu/m²",Đã có sổ,2 phòng,2 phòng,5.0,Hoàn thiện cơ bản,Nam,Hẻm xe hơi,3.1 m,6.5 m,"[119.57, 119.46, 119.46, 112.83, 130.43, 118, 111.11, 114.95, 116.67, 116.67, 121.95, 121.95, 121.95]"
NHÀ 4 LẦU HẺM Ô TÔ KẾ BÊN CÔNG VIÊN LÀNG HOA LÊ VĂN THỌ P11 GV 8TỶ4 TL,"8,4 tỷ",140 triệu/m²,60 m²,"Đường Lê Văn Thọ, Phường 11, Quận Gò Vấp, Tp Hồ Chí Minh (Phường Thông Tây Hội, TP Hồ Chí Minh mới)","BÁN NHÀ 5 TẦNG HẺM XE HƠI 6M – LÊ VĂN THỌ, P.11, GÒ VẤP
 • Diện tích: 60m² - 4X15m 
 • Kết cấu: Trệt + lửng + 2 lầu + sân thượng.
 • 5 phòng ngủ, 7WC, phòng khách, bếp, phòng thờ.
 • Sân để xe hơi trong nhà, sân thượng rộng rãi, thoáng mát.
 • Hẻm 6m xe hơi vào tận nơi, khu dân trí cao, toàn nhà cao tầng đồng bộ.
 • Vị trí đẹp: gần công viên Làng Hoa, công an F11, giao thông thuận tiện.
 • Nhà chính chủ, xây dựng kiên cố, nội thất đầy đủ, vào ở ngay.
💰 Giá: 8TỶ4 , thương lượng chính chủ 
📞 Liên hệ : *** Mai xem nhà chính chủ 24/7 , hỗ trợ vay bank , nhà đẹp giá tốt","Nhà ngõ, hẻm",60 m²,200 m²,140 triệu/m²,Đã có sổ,5 phòng,5 phòng,4.0,Nội thất đầy đủ,,Hẻm xe hơi,4 m,15 m,"[104.67, 101.91, 111.27, 120.78, 132.77, 111.73, 137.4, 137.4]"
"Bán nhà trệt 2 lầu Sân thượng, hẻm 4m Phan Xích Long, Phú Nhuận","8,9 tỷ","189,36 triệu/m²",47 m²,"Đường Phan Xích Long, Phường 3, Quận Phú Nhuận, Tp Hồ Chí Minh (Phường Đức Nhuận, TP Hồ Chí Minh mới)","Bán nhà hẻm 4m Phan Xích Long, Phú nhuận
+ Diện tích: 3.3x15
+ DTCN: 47m2
+ Kết cấu: trệt 2 lầu ST 
+ Hướng: ĐN
+ Nhà mới, full nội thất, dọn vào ở ngay
+ Nhà 5 phòng ngủ, 6 nhà vệ sinh và 2 sân thượng
+ Nhà phù hợp ở, làm CHDV đều được 
+ Giá bán: 8 tỷ 9","Nhà ngõ, hẻm",47 m²,200 m²,"189,36 triệu/m²",Đã có sổ,5 phòng,6 phòng,,,,Nhà nở hậu,3.3 m,15 m,"[200, 195.62, 195.62, 228.05, 221.13, 221.13, 170.09, 170.09, 170.09, 170.09, 143.28, 191.28, 191.28]"
NHÀ NGAY CẦU VƯỢT QUANG TRUNG -GIÁP Q12- 49M2-3.7T,"3,7 tỷ","75,51 triệu/m²",49 m²,"Đường Quang Trung, Phường 14, Quận Gò Vấp, Tp Hồ Chí Minh (Phường An Hội Tây, TP Hồ Chí Minh mới)","NHÀ NGAY CẦU VƯỢT QUANG TRUNG - GIÁP Q12- P.14 - GV - 49M2- 3.7TỶ
- DT: 3.3x15
- Kết cấu : 1 Trệt 1 Lầu Đúc BTCT Chắc chắn , 3PN , 2WC , Ban công thoáng mát 
- Hẻm trước nhà 3m, bán kính 200m đầy đủ tiện ích , không thiếu thứ gì , trường học các cấp , gần chợ ….
- Hàng xóm dân trí , an ninh , khu cao tầng , 1p Ra Emart sầm uất 
- Pháp lý chuẩn , sổ vuông A4 , công chứng ngay
LH: *** Ms Thuý hỗ trợ xem nhà nhé 
@bng.uis.iu","Nhà ngõ, hẻm",49 m²,,"75,51 triệu/m²",Đã có sổ,3 phòng,2 phòng,,,,,3.3 m,15 m,"[94.09, 121.2, 101.67, 101.67, 91.67, 101.84, 100.46, 115, 104.07, 102.04, 114.17, 113.29, 130.36]"
"☘️ Bán nhà Bùi Quang Là P12 Gò Vấp – Nở hậu tài lộc – Giá 4,87 tỷ","4,87 tỷ","81,17 triệu/m²",60 m²,"Hẻm 84/73 Bùi Quang Là, Phường 12, Quận Gò Vấp, Tp Hồ Chí Minh (Phường An Hội Tây, TP Hồ Chí Minh mới)","☘️ Bán nhà Bùi Quang Là P12 Gò Vấp – Nở hậu tài lộc – Giá 4,87 tỷ
📍 Địa chỉ: 25//đường Bùi Quang Là, Phường 12, Gò Vấp
📐 Diện tích: 4m x 15m
📏 Công nhận: hơn 60m² – nhà nở hậu, phong thủy tốt
🏠 Kết cấu & công năng:
• Sân để xe rộng
• Phòng khách, phòng bếp
• 2 phòng ngủ – 2 WC
• Sân thượng trước rộng rãi, trồng cây, phơi đồ thoải mái
➖ Nhà cứng cáp, chỉ sơn sửa nhẹ là ở ngay
➖ Phù hợp mua ở lâu dài hoặc xin phép xây mới
➖ Khu vực phía trong hẻm đang xây nhà cao tầng, tiềm năng tăng giá
💰 Giá bán: 4,87 tỷ

📞 Liên hệ: Happy land-*** cg mr Luyen","Nhà ngõ, hẻm",60 m²,60 m²,"81,17 triệu/m²",Đã có sổ,2 phòng,2 phòng,1.0,,,Nhà nở hậu,4 m,15 m,"[116.48, 116.16, 116.16, 105.1, 111.99, 95.45, 95.45, 102.3, 102.3, 105.8, 105.8, 139.84, 128.33]"
